id_etudiant,prenom,nom,email,telephone,ville,region,date_inscription
E168aab6a,Auguste,Pichon,auguste.pichon@example.com,+33 (0)1 64 52 44 55,Toulouse,region-occ,2024-07-01
E62796c26,Martin,Samson,martin.samson@example.com,+33 (0)5 81 76 97 88,Toulouse,region-occ,2024-09-06
Efd977873,Louis,Rodrigues,louis.rodrigues@example.com,+33 2 46 42 45 56,Toulouse,region-occ,2024-12-06
E2c882863,Françoise,Fernandez,françoise.fernandez@example.com,+33 (0)1 74 36 91 85,Toulouse,region-occ,2024-09-08
E653d6609,Suzanne,Perez,suzanne.perez@example.com,+33 6 98 47 25 50,Toulouse,region-occ,2024-04-10
E4efe97a7,Louise,Perez,louise.perez@example.com,+33 5 49 00 37 53,Toulouse,region-occ,2024-07-01
E4ddb84c1,Antoinette,Imbert,antoinette.imbert@example.com,0477850484,Toulouse,region-occ,2024-12-20
Ef59e4a94,Christelle,Leroy,christelle.leroy@example.com,+33 1 44 42 35 87,Toulouse,region-occ,2024-02-01
Efc8d3699,Adrienne,Launay,adrienne.launay@example.com,+33 (0)1 72 76 03 19,Toulouse,region-occ,2024-04-20
E7d657e7a,Dominique,Maillot,dominique.maillot@example.com,+33 (0)2 51 52 94 00,Toulouse,region-occ,2024-07-14
E7e2b076e,Aimée,Gillet,aimée.gillet@example.com,0143735049,Toulouse,region-occ,2024-08-28
E8ee48d12,Auguste,Didier,auguste.didier@example.com,+33 2 56 20 31 89,Toulouse,region-occ,2024-05-04
E26a1ee15,Martin,Morin,martin.morin@example.com,0613073125,Toulouse,region-occ,2024-10-22
E03b0ef01,Geneviève,Bernard,geneviève.bernard@example.com,+33 2 19 05 03 23,Toulouse,region-occ,2024-01-08
Eba996612,Margaud,Courtois,margaud.courtois@example.com,+33 3 71 35 05 65,Toulouse,region-occ,2024-05-06
Ed1102c22,Paulette,Carre,paulette.carre@example.com,05 49 03 21 21,Toulouse,region-occ,2024-01-20
E60173702,Océane,Marques,océane.marques@example.com,0322336886,Toulouse,region-occ,2024-05-12
Eafbdd93c,Luce,Peron,luce.peron@example.com,+33 4 30 80 54 39,Toulouse,region-occ,2024-05-08
E8b0ffa92,Paul,Colin,paul.colin@example.com,01 43 87 35 93,Toulouse,region-occ,2024-02-02
Eeea5e955,Nicolas,Alves,nicolas.alves@example.com,+33 3 85 70 88 47,Toulouse,region-occ,2024-05-24
E07aa2471,Rémy,David,rémy.david@example.com,+33 1 83 48 52 21,Toulouse,region-occ,2024-02-19
Ec03fe137,Honoré,Weiss,honoré.weiss@example.com,+33 (0)2 53 54 97 96,Toulouse,region-occ,2024-05-24
E5e7001ac,Stéphanie,Blin,stéphanie.blin@example.com,0169987094,Toulouse,region-occ,2024-01-31
E8315d7ee,Lorraine,Goncalves,lorraine.goncalves@example.com,01 46 90 98 97,Toulouse,region-occ,2024-10-25
E25d80e71,Noémi,Royer,noémi.royer@example.com,01 80 34 64 17,Toulouse,region-occ,2024-01-30
E69ae3603,Renée,Renault,renée.renault@example.com,+33 1 69 74 82 36,Toulouse,region-occ,2024-09-17
E9fdedb1f,René,Alexandre,rené.alexandre@example.com,+33 3 57 05 21 20,Toulouse,region-occ,2024-04-14
E176a0168,Matthieu,Lemaître,matthieu.lemaître@example.com,0535678403,Toulouse,region-occ,2024-12-02
E33f168c2,Colette,Antoine,colette.antoine@example.com,02 96 16 69 72,Toulouse,region-occ,2024-10-16
Eab8c753e,Agathe,David,agathe.david@example.com,+33 (0)1 72 26 00 09,Toulouse,region-occ,2024-02-23
E6b7579aa,Julie,Loiseau,julie.loiseau@example.com,01 76 15 01 56,Toulouse,region-occ,2024-05-04
E2314468d,Thierry,Blondel,thierry.blondel@example.com,0388384910,Toulouse,region-occ,2024-08-28
E4b217575,Antoine,Peltier,antoine.peltier@example.com,03 70 67 39 39,Toulouse,region-occ,2024-04-22
Eb14137c2,Christine,Rossi,christine.rossi@example.com,0553525652,Toulouse,region-occ,2024-03-27
E5165385b,Henri,Guillou,henri.guillou@example.com,03 89 09 33 00,Toulouse,region-occ,2024-03-16
Eb43b9811,David,Bertin,david.bertin@example.com,+33 2 44 93 23 72,Toulouse,region-occ,2024-06-04
Ed11baa2e,Antoinette,Masson,antoinette.masson@example.com,+33 (0)6 98 00 58 56,Toulouse,region-occ,2024-03-28
Eee210f51,Richard,Imbert,richard.imbert@example.com,+33 (0)4 27 71 94 46,Toulouse,region-occ,2024-07-15
Eaf927b9c,Alex,Pichon,alex.pichon@example.com,0231572371,Toulouse,region-occ,2024-09-22
E233bd8f8,Marine,Pineau,marine.pineau@example.com,0231662257,Toulouse,region-occ,2024-01-12
Ea2affce8,Zacharie,Roussel,zacharie.roussel@example.com,02 19 89 35 09,Toulouse,region-occ,2024-07-16
E410149d6,Théodore,Launay,théodore.launay@example.com,02 45 06 40 03,Toulouse,region-occ,2024-09-01
E349a8a79,Anne,Raynaud,anne.raynaud@example.com,02 54 62 47 03,Toulouse,region-occ,2024-09-21
E44f708d6,Denis,Gaudin,denis.gaudin@example.com,+33 3 53 02 72 04,Toulouse,region-occ,2024-01-02
E808ff1f8,Léon,Fernandez,léon.fernandez@example.com,+33 6 59 81 15 65,Toulouse,region-occ,2024-12-16
E02a48495,Nicole,Boyer,nicole.boyer@example.com,+33 (0)2 46 57 26 01,Toulouse,region-occ,2024-04-01
Ebe9ec30b,Nicole,Pineau,nicole.pineau@example.com,+33 (0)2 34 77 58 29,Toulouse,region-occ,2024-02-20
Eed10fc61,Théophile,Caron,théophile.caron@example.com,+33 4 44 87 93 84,Toulouse,region-occ,2024-01-06
E3e07af6c,Guillaume,Moreau,guillaume.moreau@example.com,+33 (0)2 54 44 79 78,Toulouse,region-occ,2024-03-16
E2f14a326,Maryse,Picard,maryse.picard@example.com,+33 4 95 27 31 40,Toulouse,region-occ,2024-03-08
E9c7da54c,Chantal,Breton,chantal.breton@example.com,+33 1 34 91 78 93,Toulouse,region-occ,2024-05-23
Eed7cfe98,Constance,Martel,constance.martel@example.com,0469739016,Toulouse,region-occ,2024-10-31
E603b7de9,Laurence,Leroy,laurence.leroy@example.com,+33 4 57 35 02 87,Toulouse,region-occ,2024-07-12
Ec4a46100,Dominique,Auger,dominique.auger@example.com,0630904475,Toulouse,region-occ,2024-12-08
E0ae15a40,Nicole,Daniel,nicole.daniel@example.com,+33 5 86 85 24 72,Toulouse,region-occ,2024-10-15
Edf6349b6,Susanne,Meyer,susanne.meyer@example.com,+33 (0)4 69 83 57 85,Toulouse,region-occ,2024-06-24
E11319d78,Andrée,Hamon,andrée.hamon@example.com,+33 (0)4 81 04 82 92,Toulouse,region-occ,2024-03-13
E8bf1c1fe,Claude,Lefort,claude.lefort@example.com,0679678940,Toulouse,region-occ,2024-04-14
E42fb6a16,Laetitia,Weiss,laetitia.weiss@example.com,0415208276,Toulouse,region-occ,2024-08-16
Ec0af9ccb,Olivie,Briand,olivie.briand@example.com,0684485813,Toulouse,region-occ,2024-06-23
E623398d9,Michel,Baron,michel.baron@example.com,+33 (0)5 79 64 66 23,Toulouse,region-occ,2024-11-20
Ef786a165,Arnaude,Couturier,arnaude.couturier@example.com,04 85 12 87 76,Toulouse,region-occ,2024-06-06
Ebd876957,Jacqueline,De Oliveira,jacqueline.de oliveira@example.com,05 67 04 75 09,Toulouse,region-occ,2024-06-11
E007a87ef,Sébastien,Chevallier,sébastien.chevallier@example.com,02 40 80 09 06,Toulouse,region-occ,2024-03-29
E8d60d04d,Alix,Chauvin,alix.chauvin@example.com,+33 2 99 42 21 65,Toulouse,region-occ,2024-06-10
E925001aa,Simone,Weiss,simone.weiss@example.com,+33 (0)1 70 91 37 82,Toulouse,region-occ,2024-10-18
Efc7adec1,Marguerite,Lambert,marguerite.lambert@example.com,+33 2 46 87 67 50,Toulouse,region-occ,2024-12-12
Ecb187875,Eugène,Prévost,eugène.prévost@example.com,+33 4 86 48 66 16,Toulouse,region-occ,2024-10-19
Efc2ddbce,Vincent,Carre,vincent.carre@example.com,01 70 70 99 58,Toulouse,region-occ,2024-02-12
E74274ae5,Maurice,Rémy,maurice.rémy@example.com,+33 1 81 24 62 81,Toulouse,region-occ,2024-03-02
Ed3a58c56,Capucine,Gautier,capucine.gautier@example.com,03 53 99 01 54,Toulouse,region-occ,2024-09-12
E616f6ebb,Christophe,Weber,christophe.weber@example.com,03 76 85 76 47,Toulouse,region-occ,2024-02-19
Ec86d5b15,Gérard,Le Goff,gérard.le goff@example.com,+33 (0)1 70 10 57 56,Toulouse,region-occ,2024-01-30
E7808fe86,Bernadette,Legrand,bernadette.legrand@example.com,0494059099,Toulouse,region-occ,2024-04-05
E746da098,Augustin,Pelletier,augustin.pelletier@example.com,+33 (0)1 77 88 91 29,Toulouse,region-occ,2024-10-07
E00eed1e1,Inès,Baron,inès.baron@example.com,05 08 73 24 26,Toulouse,region-occ,2024-11-01
E7ae64715,Aurore,Moulin,aurore.moulin@example.com,+33 (0)6 33 73 47 17,Toulouse,region-occ,2024-05-05
Ecd2af6e0,Émile,Lefebvre,émile.lefebvre@example.com,+33 5 94 17 00 77,Toulouse,region-occ,2024-07-31
Eeea3007c,Pauline,Samson,pauline.samson@example.com,+33 (0)3 57 32 01 92,Toulouse,region-occ,2024-09-12
E959522b0,Jeanne,Chrétien,jeanne.chrétien@example.com,0444461822,Toulouse,region-occ,2024-08-24
E8e4c24f5,Michel,Olivier,michel.olivier@example.com,04 22 25 44 77,Toulouse,region-occ,2024-11-30
E6db894cd,Célina,Bodin,célina.bodin@example.com,+33 5 59 27 52 88,Toulouse,region-occ,2024-04-08
E7cfe6334,Bertrand,Dupont,bertrand.dupont@example.com,+33 6 30 54 67 16,Toulouse,region-occ,2024-02-10
Eb7b7c2d2,Josette,Lenoir,josette.lenoir@example.com,+33 (0)4 98 24 83 96,Toulouse,region-occ,2024-01-29
E8a2b9457,Zacharie,Barthelemy,zacharie.barthelemy@example.com,02 58 14 89 35,Toulouse,region-occ,2024-03-30
Eb404d707,Thierry,Buisson,thierry.buisson@example.com,0155764496,Toulouse,region-occ,2024-03-16
Ec3ca02e1,Adélaïde,Lecoq,adélaïde.lecoq@example.com,+33 (0)2 72 73 22 46,Toulouse,region-occ,2024-02-14
E9e00384d,Suzanne,Dubois,suzanne.dubois@example.com,04 43 72 39 49,Toulouse,region-occ,2024-05-10
E33c9d808,Luc,Carlier,luc.carlier@example.com,+33 3 67 74 59 69,Toulouse,region-occ,2024-03-25
Ecb7d3219,Eugène,Marty,eugène.marty@example.com,0554278862,Toulouse,region-occ,2024-09-05
Ebbe008ff,Paulette,Dumas,paulette.dumas@example.com,05 79 76 68 29,Toulouse,region-occ,2024-03-07
E956c46ba,Gérard,Texier,gérard.texier@example.com,+33 (0)2 37 44 65 07,Toulouse,region-occ,2024-10-03
E2c53f4b0,Céline,Albert,céline.albert@example.com,0365585775,Toulouse,region-occ,2024-08-21
E9e36513c,Édouard,Gilbert,édouard.gilbert@example.com,0362151935,Toulouse,region-occ,2024-09-13
Ee7ecea75,Jacques,Ferreira,jacques.ferreira@example.com,+33 5 67 61 07 58,Toulouse,region-occ,2024-10-03
Eefdedbe6,Paul,Lévêque,paul.lévêque@example.com,+33 (0)4 43 33 38 78,Toulouse,region-occ,2024-01-11
Ecc84e6c2,Susanne,Chrétien,susanne.chrétien@example.com,02 76 19 81 22,Toulouse,region-occ,2024-12-02
E44294eb7,Paul,Martins,paul.martins@example.com,0140398476,Toulouse,region-occ,2024-11-01
Eac09984f,Théodore,Meyer,théodore.meyer@example.com,+33 3 27 12 92 63,Toulouse,region-occ,2024-10-04
E53dc65c8,Christiane,Torres,christiane.torres@example.com,02 62 42 91 51,Toulouse,region-occ,2024-08-10
