id_etudiant,prenom,nom,email,telephone,ville,region,date_inscription
E3cbb847e,Astrid,Ruiz,astrid.ruiz@example.com,+33 (0)5 87 54 16 05,Paris,region-idf,2024-02-11
Ebc88511e,Anne,Guillet,anne.guillet@example.com,02 96 20 07 89,Paris,region-idf,2024-12-17
E9703099e,Margaud,Maurice,margaud.maurice@example.com,+33 1 43 12 79 11,Paris,region-idf,2024-08-14
E0e70e011,Guillaume,Peron,guillaume.peron@example.com,+33 4 30 76 40 37,Paris,region-idf,2024-07-15
E7212269b,Christiane,Grégoire,christiane.grégoire@example.com,+33 5 47 65 28 14,Paris,region-idf,2024-07-04
E6c9a0525,Robert,Robin,robert.robin@example.com,06 64 02 86 72,Paris,region-idf,2024-10-25
Eed8abb2a,Luc,Gosselin,luc.gosselin@example.com,+33 3 45 01 42 64,Paris,region-idf,2024-01-30
Ebdf87e84,Isaac,Monnier,isaac.monnier@example.com,+33 4 76 11 91 24,Paris,region-idf,2024-10-13
E1a6642e9,Xavier,Pereira,xavier.pereira@example.com,05 56 62 59 61,Paris,region-idf,2024-11-25
E87105447,Luce,Vincent,luce.vincent@example.com,+33 (0)3 76 00 01 54,Paris,region-idf,2024-11-22
E6cf00952,Dominique,Camus,dominique.camus@example.com,0732679250,Paris,region-idf,2024-05-16
E10aa849f,Emmanuel,Dijoux,emmanuel.dijoux@example.com,+33 (0)4 71 38 69 63,Paris,region-idf,2024-06-02
E7fc39950,Hugues,Pereira,hugues.pereira@example.com,05 31 05 44 57,Paris,region-idf,2024-03-24
E710cb728,Aimé,Durand,aimé.durand@example.com,+33 (0)4 90 90 92 68,Paris,region-idf,2024-02-24
Ea5d2262e,Marine,Pruvost,marine.pruvost@example.com,+33 (0)1 74 47 18 56,Paris,region-idf,2024-08-08
E71a8dcc7,Jean,Dupuy,jean.dupuy@example.com,+33 4 13 38 89 60,Paris,region-idf,2024-02-08
E1aa39fd9,Thérèse,Ollivier,thérèse.ollivier@example.com,+33 (0)4 75 83 54 12,Paris,region-idf,2024-09-08
Eca1d863a,Martine,Poirier,martine.poirier@example.com,+33 4 81 66 07 70,Paris,region-idf,2024-02-05
E954380f1,Marie,Lesage,marie.lesage@example.com,+33 (0)5 49 08 99 19,Paris,region-idf,2024-09-17
Ec48d2dec,Emmanuel,Lelièvre,emmanuel.lelièvre@example.com,+33 5 59 30 91 12,Paris,region-idf,2024-07-11
E6dc6147b,Célina,Da Costa,célina.da costa@example.com,0485815993,Paris,region-idf,2024-02-28
E361be92c,Yves,Weber,yves.weber@example.com,0561261531,Paris,region-idf,2024-07-18
E34dd0c98,Aurore,Loiseau,aurore.loiseau@example.com,04 93 65 59 52,Paris,region-idf,2024-12-16
Edd28e07b,Catherine,Lamy,catherine.lamy@example.com,01 83 26 06 39,Paris,region-idf,2024-06-23
E1646ba86,Marc,Bertrand,marc.bertrand@example.com,+33 2 79 75 25 28,Paris,region-idf,2024-04-05
E537a94bb,Diane,Blanchard,diane.blanchard@example.com,+33 2 54 46 83 09,Paris,region-idf,2024-10-22
Eac4ebf9e,Dominique,Thomas,dominique.thomas@example.com,+33 1 48 70 41 64,Paris,region-idf,2024-12-03
Ea86e7345,Anastasie,Colin,anastasie.colin@example.com,0638790972,Paris,region-idf,2024-07-17
E86eda6fc,Henri,Petit,henri.petit@example.com,+33 5 45 47 55 07,Paris,region-idf,2024-07-28
E82c3d620,Laure,Ferrand,laure.ferrand@example.com,05 32 98 58 71,Paris,region-idf,2024-08-20
Efdcdcb11,Robert,Hardy,robert.hardy@example.com,+33 3 22 78 99 02,Paris,region-idf,2024-01-20
Ec3693d35,Richard,Olivier,richard.olivier@example.com,+33 4 82 27 32 46,Paris,region-idf,2024-03-19
Ef5a4e34b,Marine,Mace,marine.mace@example.com,0380514591,Paris,region-idf,2024-04-21
Eb2a0955c,Anaïs,Martin,anaïs.martin@example.com,+33 4 72 39 92 28,Paris,region-idf,2024-05-30
E61979c12,Zoé,Imbert,zoé.imbert@example.com,02 50 79 03 63,Paris,region-idf,2024-02-26
Ecc86ff13,Alphonse,Jacquot,alphonse.jacquot@example.com,0149828833,Paris,region-idf,2024-07-05
E8a570faa,Pierre,Pierre,pierre.pierre@example.com,02 41 21 88 74,Paris,region-idf,2024-09-18
E9bab0f35,Jacqueline,Marchal,jacqueline.marchal@example.com,03 79 17 34 45,Paris,region-idf,2024-07-04
E3e21d677,Henriette,Boutin,henriette.boutin@example.com,06 38 17 12 48,Paris,region-idf,2024-03-25
E5af849af,Édouard,Blanchard,édouard.blanchard@example.com,+33 (0)3 39 91 33 44,Paris,region-idf,2024-09-06
E03fa1af4,Christophe,Lopes,christophe.lopes@example.com,+33 4 22 52 69 14,Paris,region-idf,2024-11-07
Ee2483b4d,Émilie,Deschamps,émilie.deschamps@example.com,+33 (0)4 34 74 54 73,Paris,region-idf,2024-10-06
Eaa6a73c7,Yves,Ferreira,yves.ferreira@example.com,+33 (0)2 78 18 69 02,Paris,region-idf,2024-05-30
Ea2520f9c,Andrée,Leroux,andrée.leroux@example.com,04 32 83 23 45,Paris,region-idf,2024-08-07
E6e3e7727,Antoinette,Blanchard,antoinette.blanchard@example.com,+33 (0)3 84 86 84 79,Paris,region-idf,2024-07-21
E977c05ce,Dominique,Hamon,dominique.hamon@example.com,05 19 71 99 44,Paris,region-idf,2024-02-13
E1bd72ace,Cécile,Normand,cécile.normand@example.com,04 85 55 65 87,Paris,region-idf,2024-10-31
Eb1548534,Lucy,Grégoire,lucy.grégoire@example.com,+33 3 89 76 96 01,Paris,region-idf,2024-07-21
E10afca91,Marthe,Morin,marthe.morin@example.com,0325658858,Paris,region-idf,2024-07-27
E29043151,Alphonse,Joseph,alphonse.joseph@example.com,+33 (0)2 22 46 54 60,Paris,region-idf,2024-03-17
E76112bc9,Célina,Muller,célina.muller@example.com,05 45 57 52 67,Paris,region-idf,2024-11-10
Ea387bd8b,Laurence,Henry,laurence.henry@example.com,04 95 37 07 57,Paris,region-idf,2024-09-26
E5e8caabd,Thibault,Chevallier,thibault.chevallier@example.com,0579086653,Paris,region-idf,2024-04-14
E98971432,Patrick,Lenoir,patrick.lenoir@example.com,+33 (0)2 69 48 90 74,Paris,region-idf,2024-01-16
E0502be43,Susan,Le Goff,susan.le goff@example.com,+33 4 22 95 68 86,Paris,region-idf,2024-04-14
E1d774542,Timothée,Bouchet,timothée.bouchet@example.com,05 64 43 76 06,Paris,region-idf,2024-04-26
Ecdf13136,Anaïs,Poulain,anaïs.poulain@example.com,+33 4 89 02 86 73,Paris,region-idf,2024-09-13
E5c4e8d38,Édith,Rousseau,édith.rousseau@example.com,05 67 07 73 12,Paris,region-idf,2024-05-31
Ec0bc15e2,Sébastien,Gautier,sébastien.gautier@example.com,0482222360,Paris,region-idf,2024-05-31
E7f315539,Jules,Lejeune,jules.lejeune@example.com,07 95 39 38 90,Paris,region-idf,2024-04-26
E5f387fc5,Gilles,Masse,gilles.masse@example.com,02 40 30 69 33,Paris,region-idf,2024-11-01
E495f3ed8,Agathe,Lebon,agathe.lebon@example.com,+33 2 78 02 16 25,Paris,region-idf,2024-10-19
E765fe9f4,Victoire,Le Goff,victoire.le goff@example.com,+33 8 06 17 09 60,Paris,region-idf,2024-01-18
Ef3090ce6,Anne,Couturier,anne.couturier@example.com,+33 (0)6 29 24 84 27,Paris,region-idf,2024-07-09
Ed009f7c2,Aimé,Bègue,aimé.bègue@example.com,+33 (0)1 47 20 65 92,Paris,region-idf,2024-05-26
E688f8c35,Marine,Vincent,marine.vincent@example.com,01 75 32 43 67,Paris,region-idf,2024-03-26
E898e7f66,Arthur,Rivière,arthur.rivière@example.com,+33 7 72 49 97 78,Paris,region-idf,2024-08-20
Ef0f88f78,Maurice,Regnier,maurice.regnier@example.com,0144025684,Paris,region-idf,2024-03-28
E381a5d2e,Stéphane,Peron,stéphane.peron@example.com,03 26 38 34 39,Paris,region-idf,2024-06-05
E3c3c031b,David,Masson,david.masson@example.com,0181273427,Paris,region-idf,2024-05-08
E19fe0732,Nicolas,Rémy,nicolas.rémy@example.com,+33 (0)7 61 60 96 35,Paris,region-idf,2024-09-26
Ebaddd8fc,Honoré,Bouvier,honoré.bouvier@example.com,+33 2 14 30 75 48,Paris,region-idf,2024-10-09
E1c6ceb6a,Lucy,Gautier,lucy.gautier@example.com,02 69 04 65 26,Paris,region-idf,2024-04-17
E93518b32,Jean,Hervé,jean.hervé@example.com,0372614397,Paris,region-idf,2024-06-12
Ef1ba06d9,Simone,Lebreton,simone.lebreton@example.com,06 62 79 43 69,Paris,region-idf,2024-02-20
E7d4686be,Clémence,Bouvier,clémence.bouvier@example.com,01 34 36 91 90,Paris,region-idf,2024-09-02
Eeb071add,Élise,Grondin,élise.grondin@example.com,01 34 20 42 66,Paris,region-idf,2024-10-31
Eb711cc61,Hugues,Le Gall,hugues.le gall@example.com,0411598704,Paris,region-idf,2024-02-18
Ee2b966eb,Élisabeth,Pons,élisabeth.pons@example.com,+33 (0)4 23 09 43 11,Paris,region-idf,2024-05-14
E1051a08d,Jean,Coste,jean.coste@example.com,03 22 90 50 23,Paris,region-idf,2024-03-14
E40d23c37,Margaux,Texier,margaux.texier@example.com,+33 6 30 83 21 79,Paris,region-idf,2024-08-16
E662698b3,Thérèse,Ledoux,thérèse.ledoux@example.com,03 70 27 96 86,Paris,region-idf,2024-09-13
E6d5f1cc1,Michèle,Bertrand,michèle.bertrand@example.com,+33 6 33 38 04 02,Paris,region-idf,2024-02-23
E8611ed49,Richard,Verdier,richard.verdier@example.com,02 33 89 61 83,Paris,region-idf,2024-11-18
Edfe48c2b,Victoire,Rodriguez,victoire.rodriguez@example.com,0380666350,Paris,region-idf,2024-09-03
E5266aaba,Josette,Pineau,josette.pineau@example.com,+33 (0)2 32 67 92 45,Paris,region-idf,2024-12-20
Ec98751e1,Élise,François,élise.françois@example.com,+33 4 75 28 94 76,Paris,region-idf,2024-07-25
E80144c3e,David,Raynaud,david.raynaud@example.com,0214784459,Paris,region-idf,2024-11-10
Ed3161622,Noël,Gosselin,noël.gosselin@example.com,06 15 77 47 24,Paris,region-idf,2024-09-14
E6e5895ec,Lucie,Carpentier,lucie.carpentier@example.com,+33 (0)2 58 96 67 46,Paris,region-idf,2024-06-17
E1e50af4f,Audrey,Brunet,audrey.brunet@example.com,+33 (0)2 36 87 62 26,Paris,region-idf,2024-02-07
E0cb99d53,Aurore,Letellier,aurore.letellier@example.com,+33 2 61 67 17 31,Paris,region-idf,2024-03-14
E72e8591f,Josette,Georges,josette.georges@example.com,0443126407,Paris,region-idf,2024-01-14
Ec32ddf17,Dominique,Marchal,dominique.marchal@example.com,02 19 01 52 95,Paris,region-idf,2024-01-07
E5841ece2,Michel,Weiss,michel.weiss@example.com,+33 2 28 21 98 66,Paris,region-idf,2024-07-08
Ea6b6f0fd,Élodie,Clerc,élodie.clerc@example.com,+33 5 87 98 35 51,Paris,region-idf,2024-06-15
E9c13cf77,Diane,Caron,diane.caron@example.com,+33 4 80 44 95 33,Paris,region-idf,2024-05-14
E1b5d860c,Christelle,Delmas,christelle.delmas@example.com,+33 (0)5 18 57 80 10,Paris,region-idf,2024-04-09
Ee177f130,Catherine,Guillot,catherine.guillot@example.com,0519586123,Paris,region-idf,2024-12-11
Eaa444b2b,Thibault,Lecoq,thibault.lecoq@example.com,0146446496,Paris,region-idf,2024-09-18
